"Status","Start Time","Stop Time","Duration in ms","Parent Suite","Suite","Sub Suite","Test Class","Test Method","Name","Description"
"passed","Wed Sep 30 11:43:19 UTC 2026","Wed Sep 30 11:43:19 UTC 2026","67","tests.api","test_store","TesteEstoque","","","teste_obter_estoque_retorna_mapa_de_status",""
"passed","Wed Sep 30 11:43:20 UTC 2026","Wed Sep 30 11:43:20 UTC 2026","70","tests.api","test_user","TesteLoginUsuario","","","teste_login_com_credenciais_validas_retorna_200",""
"passed","Wed Sep 30 11:43:48 UTC 2026","Wed Sep 30 11:43:48 UTC 2026","112","tests.web","test_e2e_sauce","TesteCarrinho","","","teste_produto_adicionado_aparece_no_carrinho",""
"passed","Wed Sep 30 11:43:19 UTC 2026","Wed Sep 30 11:43:19 UTC 2026","66","tests.api","test_store","TesteBuscarPedido","","","teste_buscar_pedido_inexistente_retorna_404",""
"passed","Wed Sep 30 11:43:20 UTC 2026","Wed Sep 30 11:43:20 UTC 2026","67","tests.api","test_user","TesteAtualizarUsuario","","","teste_atualizar_usuario_retorna_200",""
"passed","Wed Sep 30 11:43:53 UTC 2026","Wed Sep 30 11:43:53 UTC 2026","360","tests.web","test_e2e_sauce","TesteFluxoCheckout","","","teste_fluxo_completo_exibe_confirmacao",""
"passed","Wed Sep 30 11:43:18 UTC 2026","Wed Sep 30 11:43:19 UTC 2026","396","tests.api","test_pet","TesteBuscarPet","","","teste_buscar_pets_por_status_available_retorna_lista",""
"passed","Wed Sep 30 11:43:19 UTC 2026","Wed Sep 30 11:43:19 UTC 2026","140","tests.api","test_pet","TesteDeletarPet","","","teste_deletar_pet_retorna_200",""
"passed","Wed Sep 30 11:43:46 UTC 2026","Wed Sep 30 11:43:46 UTC 2026","139","tests.web","test_e2e_sauce","TesteInventario","","","teste_adicionar_dois_produtos_atualiza_badge_para_dois",""
"passed","Wed Sep 30 11:43:19 UTC 2026","Wed Sep 30 11:43:19 UTC 2026","73","tests.api","test_store","TesteBuscarPedido","","","teste_buscar_pedido_por_id_retorna_pedido_correto",""
"passed","Wed Sep 30 11:43:18 UTC 2026","Wed Sep 30 11:43:19 UTC 2026","325","tests.api","test_pet","TesteAdicionarPet","","","teste_adicionar_pet_retorna_200_com_payload_valido",""
"passed","Wed Sep 30 11:43:19 UTC 2026","Wed Sep 30 11:43:19 UTC 2026","135","tests.api","test_pet","TesteAdicionarPet","","","teste_adicionar_pet_persiste_nome_e_status",""
"passed","Wed Sep 30 11:43:19 UTC 2026","Wed Sep 30 11:43:19 UTC 2026","202","tests.api","test_pet","TesteDeletarPet","","","teste_pet_deletado_nao_e_mais_encontrado",""
"passed","Wed Sep 30 11:43:49 UTC 2026","Wed Sep 30 11:43:49 UTC 2026","144","tests.web","test_e2e_sauce","TesteCarrinho","","","teste_carrinho_exibe_quantidade_correta",""
"passed","Wed Sep 30 11:43:19 UTC 2026","Wed Sep 30 11:43:19 UTC 2026","67","tests.api","test_store","TesteEstoque","","","teste_estoque_contem_status_available",""
"passed","Wed Sep 30 11:43:19 UTC 2026","Wed Sep 30 11:43:19 UTC 2026","134","tests.api","test_user","TesteCriarUsuario","","","teste_criar_usuario_retorna_200",""
"passed","Wed Sep 30 11:43:42 UTC 2026","Wed Sep 30 11:43:42 UTC 2026","349","tests.web","test_e2e_sauce","TesteLogin","","","teste_login_com_usuario_vazio_exibe_erro",""
"passed","Wed Sep 30 11:43:20 UTC 2026","Wed Sep 30 11:43:20 UTC 2026","67","tests.api","test_user","TesteBuscarUsuario","","","teste_buscar_usuario_inexistente_retorna_404",""
"passed","Wed Sep 30 11:43:19 UTC 2026","Wed Sep 30 11:43:19 UTC 2026","71","tests.api","test_pet","TesteAtualizarPet","","","teste_atualizar_pet_reflete_novo_status",""
"passed","Wed Sep 30 11:43:19 UTC 2026","Wed Sep 30 11:43:20 UTC 2026","201","tests.api","test_user","TesteCriarUsuario","","","teste_criar_usuarios_em_lista_retorna_200",""
"passed","Wed Sep 30 11:43:41 UTC 2026","Wed Sep 30 11:43:41 UTC 2026","336","tests.web","test_e2e_sauce","TesteLogin","","","teste_login_com_credenciais_invalidas_exibe_erro",""
"passed","Wed Sep 30 11:43:55 UTC 2026","Wed Sep 30 11:43:55 UTC 2026","323","tests.web","test_e2e_sauce","TesteFluxoCheckout","","","teste_voltar_ao_inicio_apos_pedido_retorna_ao_inventario",""
"passed","Wed Sep 30 11:43:19 UTC 2026","Wed Sep 30 11:43:19 UTC 2026","72","tests.api","test_pet","TesteBuscarPet","","","teste_buscar_pets_por_status_sold",""
"passed","Wed Sep 30 11:43:20 UTC 2026","Wed Sep 30 11:43:20 UTC 2026","131","tests.api","test_user","TesteDeletarUsuario","","","teste_deletar_usuario_retorna_200",""
"passed","Wed Sep 30 11:43:19 UTC 2026","Wed Sep 30 11:43:19 UTC 2026","73","tests.api","test_pet","TesteBuscarPet","","","teste_buscar_pet_por_id_retorna_pet_correto",""
"passed","Wed Sep 30 11:43:19 UTC 2026","Wed Sep 30 11:43:19 UTC 2026","281","tests.api","test_store","TesteRealizarPedido","","","teste_realizar_pedido_persiste_quantidade",""
"passed","Wed Sep 30 11:43:20 UTC 2026","Wed Sep 30 11:43:20 UTC 2026","70","tests.api","test_user","TesteLoginUsuario","","","teste_logout_retorna_200",""
"passed","Wed Sep 30 11:43:54 UTC 2026","Wed Sep 30 11:43:54 UTC 2026","163","tests.web","test_e2e_sauce","TesteFluxoCheckout","","","teste_cancelar_checkout_retorna_ao_carrinho",""
"passed","Wed Sep 30 11:43:40 UTC 2026","Wed Sep 30 11:43:41 UTC 2026","969","tests.web","test_e2e_sauce","TesteLogin","","","teste_login_bem_sucedido_navega_para_inventario",""
"passed","Wed Sep 30 11:43:44 UTC 2026","Wed Sep 30 11:43:44 UTC 2026","19","tests.web","test_e2e_sauce","TesteInventario","","","teste_pagina_inventario_exibe_produtos",""
"passed","Wed Sep 30 11:43:43 UTC 2026","Wed Sep 30 11:43:43 UTC 2026","351","tests.web","test_e2e_sauce","TesteLogin","","","teste_usuario_bloqueado_exibe_erro",""
"passed","Wed Sep 30 11:43:47 UTC 2026","Wed Sep 30 11:43:47 UTC 2026","85","tests.web","test_e2e_sauce","TesteInventario","","","teste_ordenar_por_nome_z_a",""
"passed","Wed Sep 30 11:43:51 UTC 2026","Wed Sep 30 11:43:51 UTC 2026","152","tests.web","test_e2e_sauce","TesteCarrinho","","","teste_continuar_comprando_retorna_ao_inventario",""
"passed","Wed Sep 30 11:43:20 UTC 2026","Wed Sep 30 11:43:20 UTC 2026","203","tests.api","test_user","TesteDeletarUsuario","","","teste_usuario_deletado_nao_e_mais_encontrado",""
"passed","Wed Sep 30 11:43:19 UTC 2026","Wed Sep 30 11:43:19 UTC 2026","70","tests.api","test_pet","TesteBuscarPet","","","teste_buscar_pet_inexistente_retorna_404",""
"passed","Wed Sep 30 11:43:19 UTC 2026","Wed Sep 30 11:43:20 UTC 2026","278","tests.api","test_store","TesteDeletarPedido","","","teste_deletar_pedido_retorna_200",""
"passed","Wed Sep 30 11:43:45 UTC 2026","Wed Sep 30 11:43:45 UTC 2026","76","tests.web","test_e2e_sauce","TesteInventario","","","teste_adicionar_um_produto_atualiza_badge_carrinho",""
"passed","Wed Sep 30 11:43:19 UTC 2026","Wed Sep 30 11:43:19 UTC 2026","0","tests.api","test_store","TesteRealizarPedido","","","teste_realizar_pedido_retorna_200_com_schema_valido",""
"passed","Wed Sep 30 11:43:19 UTC 2026","Wed Sep 30 11:43:20 UTC 2026","69","tests.api","test_user","TesteBuscarUsuario","","","teste_buscar_usuario_existente_retorna_username_correto",""
"passed","Wed Sep 30 11:43:49 UTC 2026","Wed Sep 30 11:43:50 UTC 2026","192","tests.web","test_e2e_sauce","TesteCarrinho","","","teste_remover_item_do_carrinho",""
"passed","Wed Sep 30 11:43:52 UTC 2026","Wed Sep 30 11:43:52 UTC 2026","189","tests.web","test_e2e_sauce","TesteFluxoCheckout","","","teste_checkout_sem_dados_exibe_erro",""
"passed","Wed Sep 30 11:43:19 UTC 2026","Wed Sep 30 11:43:20 UTC 2026","348","tests.api","test_store","TesteDeletarPedido","","","teste_pedido_deletado_nao_e_mais_encontrado",""
